ID,éÌóﬁ,xç¿ïW,yç¿ïW,ïù,çÇÇ≥
0,person,743.2904052734375,48.343658447265625,398.4661865234375,671.6563415527344
1,tie,441.9896240234375,437.33673095703125,54.595458984375,272.699462890625
2,person,123.0511474609375,193.23809814453125,591.6395874023438,526.533203125
3,tie,978.9898071289062,313.5794677734375,46.31304931640625,101.94671630859375
